Metric,Value
Precision,0.835020620645645
Recall,0.5809308641831012
mAP50,0.6346233524815522
mAP50-95,0.3592473558627331
Inference Time (s),0.029901135000000068
FPS,33.44354654095899
